Porokh FAQ,,,
,,,
ক্রমিক,ক্যাটাগরি,প্রশ্ন, উত্তর
1,Porokh ,এই ডিভাইসের নাম কী?,"iPAGE-এর ডিজিটাল সয়েল টেস্টিং ডিভাইসের নাম ""পরখ"" । "
2,Porokh,Porokh দিয়ে কী করা হয়?,জমির মাটির পুষ্টি ও স্বাস্থ্য দ্রুত পরীক্ষা করে সার ও ফসলভিত্তিক পরামর্শ দেওয়া হয়।
3,Porokh,কত মিনিটে রিপোর্ট পাওয়া যায়?,সাধারণত ৫–৭ মিনিটে সয়েল টেস্টিং এর রিপোর্ট পাওয়া যায়।
4,Porokh,কোন কোন প্যারামিটার পরীক্ষা করে?,"নাইট্রোজেন, ফসফরাস, পটাসিয়াম, সালফার, আর্দ্রতা, তাপমাত্রা, অম্লত্ব, লবনাক্ততা, জৈব কার্বন, বোরন, জিঙ্ক। "
5,Porokh,এটা কি সাধারণ ল্যাব টেস্টের বিকল্প?,এটি দ্রুত মাত্র ৫-৭ মিনিটে মাঠপর্যায়ে মাটির স্বাস্থ্য সম্পর্কে জানান দেয়। এটি সেন্সর বেইজড ডাটা দেয় আর ল্যাব কেমিক্যাল টেস্টের বেসিসে ডাটা দেয়। 
6,Porokh,রিপোর্ট কি কৃষক বুঝতে পারবে?,আমদের ফিল্ড এজেন্টদের মাধ্যমে মাটি পরীক্ষার রিপোর্টের ভিত্তিতে কৃষককে সহজ ভাষায় সার ও ফসল ব্যবস্থাপনা বুঝিয়ে দেওয়া হয়।
7,Porokh,রিপোর্ট কীভাবে কৃষকের কাছে যাবে?,আমাদের সয়েল টেস্টিং ডিভাইস পরখ দিয়ে ইন্সট্যান্ট মাটি পরীক্ষা করা হয়। যেকারণে কৃষক ভাইয়েরা ৫-৭ মিনিটের মাঝে টেস্টের রিপোর্ট পেয়ে যায় ।
8,Porokh,ইন্টারনেট না থাকলে কাজ করবে কি?,মাঠপর্যায়ে ব্যবহারের কথা মাথায় রেখে আমাদের সার্ভিস ডিজাইন করা হয়েছে। আমাদের ডিভাইস দিয়ে মাটি পরীক্ষার ক্ষেত্রে ইন্টারনেটের কোন প্রয়োজন হয় না। 
9,Porokh,ডিভাইস কি জমিতে গিয়ে ব্যবহার করা যায়?,"হ্যাঁ, এটি portable soil testing service. এটা দুভাবেই মাটি পরীক্ষার ফলাফল দেয়। আপনি চাইলে মাঠে নিয়ে সরাসরি ডিভাইস বসিয়ে মাটি পরীক্ষা করতে পারবেন আবার  যদি চান মাটির স্যাম্পল নিয়ে এসে আমাদের নিকটবর্তী ফিল্ড অফিসে পরীক্ষা করাতে পারেন। "
10,Porokh,মাটি কোথা থেকে নিতে হবে?,জমির ৪ কোণা থেকে ৪টি এবং জমির মাঝ থেকে ১টি মোট ৫ টি মাটির নমুনা নিয়ে সব একসাথে মিশিয়ে ১টি নমুনা বানিয়ে তার থেকে ৫০০ গ্রাম মাটি নিবেন।  
11,Porokh,এক জমির মাটি অন্য জমির সাথে মেশানো যাবে?,"না, ভিন্ন জমির জন্য আলাদা নমুনা নিয়ে পরীক্ষা করতে হবে।"
12,Porokh,সার দেওয়ার পর টেস্ট করলে হবে?,"না, সার দেওয়ার আগে মাটি পরীক্ষা করলে ফলাফল বেশি নির্ভরযোগ্য হয়।"
13,Porokh,এই টেস্টের ভিত্তিতে কী সার সুপারিশ পাওয়া যাবে?,"হ্যাঁ, এই ডিভাইস দিয়ে টেস্টের মাধ্যমে মাটিতে কি পরিমাণ পুষ্টি উপাদান আছে সেটা যাচাই করে কতটুকু সার দিতে হবে বা কোন সার দিতে হবে না সেটা সংক্রান্ত একটা সার সুপারিশ সহ, ফসলের বালাই ব্যবস্থাপনা, জাত এবং সম্ভাব্য উৎপাদন খরচের একটা ধারণা দেওয়া হয়। "
14,Porokh,সব ফসলের জন্য একই সুপারিশ হবে?,"না, আইপেইজ নির্দিস্ট এলাকাভিত্তিক, স্থানভিত্তিক এবং ফসলভিত্তিক পরামর্শ দেয়।  "
15,Porokh,এতে কৃষকের লাভ কী?,"সঠিক সার ব্যবহারে খরচ কমে, ফলন বাড়ার সম্ভাবনা থাকে এবং মাটির স্বাস্থ্য ভালো থাকে।"
17,Porokh,ফলন বাড়বে কি?,সঠিকভাবে আমাদের পরামর্শ মেনে চললে ফলন বাড়ার সম্ভাবনা থাকে।
18,Porokh,কৃষককে ডিভাইস কিনতে হবে?,iPAGE কৃষককে সার্ভিস মডেলে মাটি পরীক্ষা ও কৃষি পরামর্শ দিয়ে থাকে।  
19,Porokh,টেস্টের জন্য কৃষককে কত খরচ দিতে হবে?,
23,Porokh,"এটি কি শুধু মাটি পরীক্ষা করে, নাকি পরামর্শও দেয়?","আমাদের ডিভাইস দিয়ে শুধু মাটি পরীক্ষার ফলাফল দেওয়া হয় না, সেই ফলাফলের ভিত্তিতে পরামর্শও দেওয়া হয়।"
24,Porokh,রিপোর্ট বাংলায় পাওয়া যাবে কি?,"হ্যাঁ, আমাদের রিপোর্ট কৃষকবান্ধব করার জন্য আমরা বাংলায় রিপোর্ট দিয়ে থাকি। তবে চাইলে আপনি ইংরেজিতেও রিপোর্ট নিতে পারবেন। "
26,Porokh,ডিভাইসের ফলাফল কতটা নির্ভরযোগ্য?,
27,Porokh,ভুলভাবে মাটি নিলে কী হবে?,ভুল নমুনা দিলে রিপোর্ট ও সার সুপারিশ ভুল হতে পারে।
28,Porokh,ডিভাইস কি পিএইচ জানায়?,"হ্যাঁ, আমাদের ডিভাইস দিয়ে মাটির পিএইচ নির্ণয় করা যায়। "
29,Porokh,EC এর গুরুত্ব কি? ,EC দিয়ে মাটির লবণাক্ততা বা স্যালাইনিটি সম্পর্কে ধারণা পাওয়া যায়।
30,Porokh,SOC কেন গুরুত্বপূর্ণ?,"SOC বা মাটির অর্গানিক কার্বন মাটির উর্বরতা, পানি ধারণক্ষমতা ও পুষ্টি ধরে রাখার ক্ষমতা বাড়ায়।
এটি ফসলের ফলন উন্নত করে এবং মাটিতে কার্বন সংরক্ষণ করে জলবায়ু পরিবর্তন মোকাবিলায় সাহায্য করে।"
31,Porokh,moisture দেখার দরকার কেন?,"মাটির আর্দ্রতা সেচ, সার কার্যকারিতা ও ফসলের বৃদ্ধির জন্য গুরুত্বপূর্ণ।"
32,Porokh,একই জমিতে কতবার টেস্ট করা দরকার?,সাধারণত মৌসুমের শুরুতে একবার এবং ফসল তোলার পর একবার মোট ২ বার মাটি পরীক্ষা করা ভালো।
33,Porokh,রিপোর্টের ভিত্তিতে কৃষক কি ঋণ পেতে পারে?,verified farm profile ও soil/farm data ব্যাংকগুলোর credit scoring ও agri-finance সিদ্ধান্তে সহায়ক হতে পারে। এবং সে অনুযায়ী কৃষক ঋণ পেতে পারে
34,Porokh,এই ডিভাইসের USP কী?,"দ্রুত, portable, low-cost, AIoT-enabled এবং crop-site specific advisory-এর সাথে সংযুক্ত হওয়াই এর বড় শক্তি।"
35,Porokh,প্রতিদ্বন্দ্বীদের তুলনায় আলাদা কী?,"iPAGE device, AI model, weather data, farmer profile ও last-mile delivery একসাথে যুক্ত করে end-to-end farm analytics দেয়।"
36,Porokh,ডিভাইস কি climate-smart agriculture-এ সাহায্য করে?,"হ্যাঁ, optimized fertilizer use, soil health improvement ও carbon footprint reduction-এ সহায়তা করতে পারে।"
37,Porokh,মাঠকর্মীদের কী প্রশিক্ষণ লাগবে?,"সঠিক sample collection, device operation, farmer explanation ও advisory delivery বিষয়ে প্রশিক্ষণ লাগবে।"
38,Porokh,ডিভাইস নষ্ট হলে সার্ভিস বন্ধ হবে?,"মাঠপর্যায়ে backup device, maintenance plan ও trained operators রাখা জরুরি।"
39,Porokh,কৃষক কেন বিশ্বাস করবে?,"demo, farmer testimonial, field validation ও repeated advisory use কৃষকের আস্থা তৈরি করতে সাহায্য করে।"
40,Porokh,রিপোর্ট কি প্রিন্ট করা যাবে?,"সার্ভিস ডিজাইন অনুযায়ী digital report, SMS বা field agent explanation দেওয়া যেতে পারে।"
41,Porokh,কৃষক কি নিজের মোবাইলে রিপোর্ট পাবে?,মোবাইল নম্বর থাকলে SMS/voice-based advisory দেওয়া সম্ভব।
42,Porokh,একসাথে অনেক কৃষকের মাটি পরীক্ষা করা যাবে?,"হ্যাঁ, franchise/field agent model ব্যবহার করে cluster-based soil testing করা যায়।"
43,Porokh,এই ডিভাইস কি শুধু বাংলাদেশে ব্যবহারযোগ্য?,iPAGE-এর মডেল বাংলাদেশে প্রমাণিত এবং APAC/MENA অঞ্চলে scale করার লক্ষ্য আছে।
44,Porokh,সরকারি কৃষি অফিসের সুপারিশের সাথে মিলবে কি?,স্থানীয় agronomic guideline ও field validation মিলিয়ে পরামর্শ harmonize করা উচিত।
45,Porokh,"কৃষক কি শুধু রিপোর্ট পাবে, নাকি follow-up পাবে?","iPAGE ongoing advisory, periodic check-in এবং field agent support-এর মাধ্যমে follow-up দিতে পারে।"
46,Porokh,এক কথায় কৃষকের জন্য উপকার কী?,"জমির অবস্থা জানুন, সঠিক সার দিন, খরচ কমান, ফলন বাড়ান।"